排名,企业名称,报警总数,报警总得分,车辆数,单车平均分
1,延安旭启工贸有限公司,37744,236586,8,29573
2,米脂县泰安运输有限责任公司,49867,133853,9,14872
3,延安腾格尔实业发展总公司圣能加油加气站,62164,232369,16,14523
4,延安市宝塔区宏东货运配载有限公司,248797,296245,22,13465
5,延安华府运输有限公司,32130,65127,5,13025
6,延安知达汽车贸易有限公司,36994,77400,6,12900
7,陕西博丰物流有限公司,186929,475762,38,12520
8,延安欣业达能源有限公司,60700,135795,13,10445
9,富县福运达物流有限公司,63476,98969,10,9896
10,陕西榆林勤运德实业有限公司,27926,77380,8,9672
11,绥德县鼎晟运输有限公司,65972,189080,20,9454
12,陕西众能化工有限公司,30376,66048,7,9435
13,陕西豫濮鑫盛物流有限公司,6516,9165,1,9165
14,延安金石荣华工贸有限公司,205644,324266,37,8763
15,榆林市长运集团府谷客运有限公司,52018,61141,7,8734
16,榆林众泰达运输有限公司,10428,43337,5,8667
17,陕西伟华集团源通运输有限公司,66883,164186,19,8641
18,陕西新北义物流有限公司,13878,42330,5,8466
19,延安晶振炜石油科技有限公司,17269,42258,5,8451
20,陕西濮兴运输有限公司,39157,92054,11,8368
21,延安畅发工贸有限公司,92041,196760,24,8198
22,陕西中储石油天然气有限公司,16862,63802,8,7975
23,神木德运工贸有限公司,37365,169441,22,7701
24,榆林市长运汽车运输集团绥德分公司,101349,214625,28,7665
25,延安莱运工贸有限公司,52837,76022,10,7602
26,陕西新洁达运输有限公司,18960,37244,5,7448
27,延安起点运输有限公司,75429,148313,20,7415
28,延安瑞哲新能源有限公司,35245,66380,9,7375
29,延川通远石化经销有限责任公司,180582,331480,45,7366
30,陕西和顺联运道路运输有限公司,72156,223643,31,7214
31,延安东远新能源化工有限责任公司,35157,77230,11,7020
32,延安久大物流有限公司,204996,313618,45,6969
33,延安龙禹运输有限公司,8050,13448,2,6724
34,延川县众义达工贸有限责任公司,74215,133160,20,6658
35,延安顺泰运输有限公司,54213,158079,24,6586
36,延安永志泰工贸有限公司,169352,339296,52,6524
37,榆林恒瑞达运输有限公司,50946,135889,21,6470
38,延安顺通工贸有限公司,267681,645731,101,6393
39,延安智科工贸有限公司,120439,191290,30,6376
40,延安通侨石油科技有限公司,65073,95635,15,6375
41,安康市安运运输集团汽车运输汉阴宏业汽车运输有限公司,75227,108317,17,6371
42,陕西危联物流有限公司,347793,587036,93,6312
43,榆林市胜润物流有限责任公司,53096,126166,20,6308
44,陕西义道运输有限公司,19290,87202,14,6228
45,延安市纳川运输有限公司,29836,35819,6,5969
46,延安市汽车运输（集团）有限责任公司吴起客运分公司,28100,47673,8,5959
47,洛川县通运货物有限责任公司,22347,46345,8,5793
48,甘泉森源运业有限责任公司,20414,22514,4,5628
49,延安鸿翔腾工贸有限公司,51259,67504,12,5625
50,铜川宏文顺达物流有限公司,12304,50084,9,5564
51,延川县龙泽石油科技有限公司,85567,250395,45,5564
52,榆林市秦通运输有限公司,68281,127298,23,5534
53,黄陵丰茂石化有限责任公司,15924,43989,8,5498
54,延安市汽车运输（集团）有限责任公司客运一公司,54503,87118,16,5444
55,陕西志胜隆和运输有限公司,4211,27166,5,5433
56,延安源泰物流有限公司,46118,93990,18,5221
57,陕西秦鄂楚榆物流有限公司,34887,98836,19,5201
58,黄陵红峰中化工贸有限公司,8086,25579,5,5115
59,延川县振兴石油经销有限责任公司,31280,96640,19,5086
60,榆林联盛万通能源运输有限公司,10645,50680,10,5068
61,定边县闫七工贸有限责任公司,17122,45505,9,5056
62,定边县速瑞腾物流有限公司,10107,24535,5,4907
63,陕西鑫岳亿山物流有限公司,15773,38549,8,4818
64,延安市汽车运输（集团）恒益石化产品经销有限公司,20949,48084,10,4808
65,宝鸡秦通运输集团眉县第一运输有限公司,5322,23882,5,4776
66,陕西九畅工贸有限责任公司,155314,375238,79,4749
67,延安富县长盛汽车运输有限责任公司,8159,14082,3,4694
68,陕西省中轩运输有限公司,58490,149692,32,4677
69,榆林市同益运销有限公司,122482,277581,60,4626
70,渭南新浩畅物流有限公司,9113,27655,6,4609
71,延安市鑫运工贸有限公司,107246,151208,33,4582
72,汉中市医疗废物处理中心,31986,50248,11,4568
73,陕西新港物流有限公司,42325,108879,24,4536
74,陕西徽运恒通物流有限公司,48209,84338,19,4438
75,陕西聚拉贝卓实业有限责任公司,6410,21977,5,4395
76,陕西省府谷县长亨通村客运有限公司,125357,227358,52,4372
77,延安平通物流有限公司,10578,21594,5,4318
78,榆林市佳雨环境工程有限公司,32879,73353,17,4314
79,定边县福禄贸易有限责任公司,50623,129359,30,4311
80,延安兆京恒基物流有限公司,15627,42995,10,4299
81,延安华运运输有限公司,76361,93758,22,4261
82,延安市唐泰工贸有限公司,20941,51104,12,4258
83,延安瑞发工贸有限公司,103970,235670,56,4208
84,榆林市博瑞运输有限责任公司,8912,33654,8,4206
85,黄陵顺达工贸有限责任公司,48570,133563,32,4173
86,延安市汽车运输（集团）有限责任公司客运二公司,93660,158546,38,4172
87,延安同辉实业有限公司,5569,16592,4,4148
88,延安泽然新能源有限责任公司,49754,95035,23,4131
89,延川县昌顺工贸有限责任公司,173905,394717,96,4111
90,渭南博航通达货物运输有限公司,117380,167638,41,4088
91,延安百川物流有限责任公司,177598,365651,90,4062
92,宜川县汽车运输有限责任公司,67520,93196,23,4052
93,甘泉海星货物运输有限责任公司,52921,97082,24,4045
94,榆林市长运集团吴堡县融通客运有限公司,35619,56594,14,4042
95,靖边县兴安运输有限公司,40108,144546,36,4015
96,志丹县亿诚环保工贸有限公司,1555,3989,1,3989
97,延安市龙庆客运服务有限责任公司,160589,275022,69,3985
98,延川诚辉工贸有限公司,40998,99546,25,3981
99,陕西中恒盛远化工有限公司,4287,15761,4,3940
100,延安博运石化有限公司,5390,15630,4,3907
101,黄陵集顺物流发展有限公司,44892,93552,24,3898
102,陕西同辉石油化工销售股份有限公司,46713,108958,28,3891
103,延安市汽车运输（集团）有限责任公司旅游分公司,39575,54421,14,3887
104,榆林市恒泰汽车运输集团有限公司子洲第十二公司,83385,207066,54,3834
105,陕西华仑石化贸易有限责任公司,40738,76316,20,3815
106,子洲县鑫旺运销有限公司,33955,87703,23,3813
107,安康市安运运输集团摩客运有限公司,19310,38129,10,3812
108,榆林市长运汽车运输集团有限公司榆阳区分公司,59654,102445,27,3794
109,志丹县胜利汽车运输有限责任公司,1193,3786,1,3786
110,延安宝升油田工程技术服务有限公司,8870,22482,6,3747
111,定边县森豪威油田钻井工程运输有限责任公司,236115,629342,168,3746
112,洛川县华腾工贸有限责任公司,50104,104741,28,3740
113,延安正达运输有限公司,60558,103857,28,3709
114,安塞博源工贸有限责任公司,3401,11105,3,3701
115,神木市恒通源运输有限公司,22138,58776,16,3673
116,延安陆地物流有限公司,69661,135846,37,3671
117,榆林市华宇运输有限公司,60101,197792,54,3662
118,铜川市东亿物流发展有限公司,23834,58578,16,3661
119,榆林市长运汽车运输集团米脂分公司,4389,14613,4,3653
120,延川龙升工贸有限责任公司,111371,230030,63,3651
121,陕西伊丰运输有限公司,51518,127324,35,3637
122,陕西惠创物流科技有限公司,4058,17728,5,3545
123,陕西睿安捷运实业有限公司,12964,35231,10,3523
124,延安市宝塔区安航物流有限公司,53283,86512,25,3460
125,陕西德泰物流运输有限公司,12142,44025,13,3386
126,榆林市洪宇汽车运输有限公司,35440,80957,24,3373
127,咸阳融通汽车运输有限公司,16686,39975,12,3331
128,咸阳安捷顺物流有限公司,64262,138873,42,3306
129,延川通海石化经销有限责任公司,83278,157678,48,3284
130,子长市客运有限责任公司,71610,140800,43,3274
131,榆林市九鼎环保有限公司,12157,38875,12,3239
132,榆林五洲鸿运运输有限公司,32200,74487,23,3238
133,安康市世纪客运有限公司白河安凯运输有限公司,7186,12919,4,3229
134,榆林市恒泰汽车运输集团定边金岫运输公司,31892,135139,42,3217
135,陕西物华物流有限公司,21452,48197,15,3213
136,白河安达运输有限公司,49010,86575,27,3206
137,延川中储物流有限责任公司,21479,57414,18,3189
138,榆林市恒泰汽车运输集团第十三客运公司,9170,22260,7,3180
139,陕西徽运鸿顺物流有限公司,65453,117609,37,3178
140,富平迅达运业有限责任公司,17247,28329,9,3147
141,城固县汽车运输公司,119773,231476,74,3128
142,延川县顺安客运有限责任公司,30165,87091,28,3110
143,榆林市盛汇恒通气体科技有限公司,18388,40327,13,3102
144,榆林市恒泰汽车运输集团有限公司米脂城乡客运分公司,6266,18497,6,3082
145,榆林市长源危险品运输有限公司,37256,152671,50,3053
146,汉中海源汽贸有限责任公司,35633,82151,27,3042
147,榆林市恒泰汽车运输集团有限公司,523978,1224667,404,3031
148,铜川凯环达物流有限公司,9425,24101,8,3012
149,铜川恒旭汽车运输服务有限公司,105061,245987,83,2963
150,陕西原池物流科技有限公司,19963,56281,19,2962
151,陕西远志新能源集团有限公司,37759,73272,25,2930
152,榆林信立恒业汽车运输有限公司,18414,82000,28,2928
153,子洲县荣盛运输有限责任公司,23618,61164,21,2912
154,榆林市九通物流运输有限公司,198351,477823,165,2895
155,靖边县中运物流有限公司,51570,161287,56,2880
156,汉中百仕达运输有限公司,14426,45682,16,2855
157,延安途昊工贸有限公司,58736,110962,39,2845
158,延川县三和石油经销有限责任公司,3726,11347,4,2836
159,延安鸿泉运输有限公司,23668,39334,14,2809
160,宝鸡久泰物流有限公司,33661,69565,25,2782
161,延安市汽车运输（集团）有限责任公司延长客运分公司,44194,69401,25,2776
162,延安德泰物流有限公司,29933,54983,20,2749
163,陕西长征运输集团城飞汽车客运有限责任公司,29635,35639,13,2741
164,黄陵天缘工贸有限公司,119485,310567,114,2724
165,榆林市卓昌运输有限公司,63143,176534,65,2715
166,榆林市骅昌货物运输有限公司,63516,138404,51,2713
167,佳县恒通危化品运输有限公司,3368,18831,7,2690
168,渭南鼎益工贸有限公司,43706,90880,34,2672
169,黄陵县汽车运输股份合作公司,25671,69277,26,2664
170,陕西轩顺达运输服务有限公司,130506,229385,87,2636
171,榆林市塞福运输有限公司,44084,135630,52,2608
172,延安金达莱工贸有限公司,58250,93569,36,2599
173,榆林市长运集团清涧县分公司,41114,72738,28,2597
174,咸阳融德物流运输有限公司,3498,12948,5,2589
175,榆林市昌泰捷昌运输有限公司,13905,41295,16,2580
176,榆林市长运集团神木客运有限公司,42270,58727,23,2553
177,陕西致远安宝物流有限公司,27513,68295,27,2529
178,陕西天赐平福物流供应链管理有限公司,5677,12645,5,2529
179,吴起三星工贸有限责任公司,77993,207170,82,2526
180,志丹县德曜矿区服务有限责任公司,19534,80170,32,2505
181,陕西京元石化物流有限公司,5840,12492,5,2498
182,西安北普气体有限责任公司,14330,69282,28,2474
183,陕西驰纳象运输有限公司,12148,14833,6,2472
184,西安博新天然气运输配送有限公司,2774,17263,7,2466
185,延安万华工贸有限公司,8248,19718,8,2464
186,吴起龙玺科工贸有限公司,7307,22167,9,2463
187,靖边县澳泰物流有限公司,36713,110302,45,2451
188,榆林市靖源物流有限公司,4665,14525,6,2420
189,榆林市远景新能源有限公司,123010,338175,140,2415
190,榆林市恒泰汽车运输集团有限公司横山通达运输分公司,28295,55391,23,2408
191,榆林市榆阳区国能运输有限公司,29382,48033,20,2401
192,黄龙县兴龙客运有限责任公司,5185,14368,6,2394
193,榆林市银州汽车运输有限公司,49382,140938,59,2388
194,咸阳恒旭汽车运输服务有限公司,5716,23595,10,2359
195,延川正凯气体有限公司,4800,11729,5,2345
196,延安市神州（集团）圣为工贸有限公司,5975,20992,9,2332
197,榆林市恒泰汽车运输集团有限公司府谷盛源分公司,66241,83939,36,2331
198,陕西路顺联运物流有限公司,171791,295973,127,2330
199,陕西百昌运输有限公司,12619,23188,10,2318
200,蒲城县通达客货运输有限责任公司运通分公司,4518,6951,3,2317
201,延安新九通运输有限公司,139731,263895,114,2314
202,延安市宏丰气体有限公司,11970,23005,10,2300
203,宝鸡弘升货物运输有限公司,20376,57139,25,2285
204,榆林学成企业服务有限责任公司,23572,63599,28,2271
205,西安市高陵区昌通运输有限责任公司,9609,45265,20,2263
206,西安正尚天然气发展有限公司,6805,15712,7,2244
207,渭南市东顺运通运输有限公司,67078,170189,76,2239
208,渭南顺驰能源运输有限公司,25636,57778,26,2222
209,延安市宝塔区于玲石油技术服务有限公司,3365,11081,5,2216
210,陕西宝利达石化运销有限公司,26147,64115,29,2210
211,榆林市鑫汇工贸有限公司绥德运输分公司,60560,165615,75,2208
212,延安市安塞区安运公交汽车运输有限责任公司,8975,21898,10,2189
213,府谷县货瑞多物流科技有限公司,4976,15326,7,2189
214,延川庆源石化经销有限责任公司,43819,63429,29,2187
215,陕西汉江源实业有限公司,12261,23973,11,2179
216,铜川绅沣顺达物流有限公司,48688,132712,61,2175
217,陕西盛世瑞祥物流有限公司,14215,30385,14,2170
218,陕西港能物流有限公司,122098,216053,100,2160
219,陕西通达远物流运输有限公司,8974,21557,10,2155
220,陕西大信通物流有限公司,53980,123103,58,2122
221,神木市赛风汽车运输有限公司,5674,16800,8,2100
222,商洛尚路通运输有限公司,63617,140221,67,2092
223,咸阳华兴石化运输有限公司,35750,83375,40,2084
224,府谷县亿通运输有限责任公司,20995,33159,16,2072
225,略阳县嘉兴危险货物运输有限责任公司,10237,28779,14,2055
226,神木市尚瑞煤炭运销有限公司,22918,69681,34,2049
227,洛川县汽车运输公司,31523,77852,38,2048
228,陕西咸运集团有限公司,253639,427687,209,2046
229,洋县运输有限责任公司,13445,36828,18,2046
230,延安海康工贸有限公司,18865,30637,15,2042
231,甘泉关家沟汽车联运有限责任公司,1901,10189,5,2037
232,神木市鹏亮运输有限公司,20456,67155,33,2035
233,铜川威尔远东能源有限公司,13325,46650,23,2028
234,延安市宝塔区运德顺工贸有限公司,3362,8108,4,2027
235,渭南市临渭区祥运运输服务有限公司,50632,119573,59,2026
236,榆林市恒泰汽车运输集团神木山丹丹旅游客运有限公司,735,2023,1,2023
237,咸阳德祥石化物流有限公司,38985,101005,50,2020
238,延安速达工贸有限公司,40438,78345,39,2008
239,汉中公共交通集团有限公司,45910,72063,36,2001
240,渭南市广运通燃气配送有限公司,6511,11939,6,1989
241,渭南市运业有限责任公司,22343,33531,17,1972
242,延安市岂宏石油工程技术服务有限公司,18296,39374,20,1968
243,延安市汽车运输（集团）有限责任公司宜川客运分公司,9050,13615,7,1945
244,陕西隆庆气体有限公司,6939,21349,11,1940
245,榆林市兴亚运输有限公司,32259,77609,40,1940
246,延川柏江运输有限责任公司,68375,183665,95,1933
247,吴起兴达运输有限公司,5681,30917,16,1932
248,陕西津东物流有限公司,23595,59860,31,1930
249,安康市安运运输集团紫阳县通达客运有限公司,82009,127255,66,1928
250,延安市安塞区汽车运输股份合作公司,46461,86272,45,1917
251,延安市勤荣工贸有限公司,8010,9502,5,1900
252,安康市世纪顺康市内高速汽车客运有限公司,2860,9389,5,1877
253,甘泉鑫华物流有限公司,37636,72571,39,1860
254,神木市镍界制氧厂,8920,27780,15,1852
255,志丹县汽车运输公司,119590,244571,132,1852
256,陕西宇晨铭锐物流有限公司,12482,24016,13,1847
257,延安市盛源医疗废物集中处置有限公司,11543,14772,8,1846
258,神木市雍鑫运输有限公司,8845,29467,16,1841
259,榆林市聚润危险品运输服务有限公司,27139,64013,35,1828
260,渭南市华州区第二运输公司,20592,32857,18,1825
261,陕西安盛达物流有限公司,13235,43709,24,1821
262,榆林市大众旅游出租有限公司,57521,146576,81,1809
263,榆林市豪运物流有限公司,41325,151809,85,1785
264,定边县新润货运有限责任公司,22228,62244,35,1778
265,陕西承达物流有限公司,65900,133690,77,1736
266,陕西省旅游汽车有限公司,85626,116123,67,1733
267,延安轩梅工贸有限公司,31676,53641,31,1730
268,陕西顺捷鸿盛新能源有限公司,11625,29238,17,1719
269,陕西咸阳福银高速客运有限公司,135479,220082,128,1719
270,汉中军明运输有限公司,10780,23950,14,1710
271,延川龙飞物流有限公司,40091,75203,44,1709
272,咸阳阳光置业有限公司,31019,78562,46,1707
273,陕西延长石油物流集团有限公司危化品运输分公司,26456,40923,24,1705
274,渭南市天然气有限公司,4323,8521,5,1704
275,商洛百志达物流运输有限公司,5310,15340,9,1704
276,陕西欣祥源运输有限公司,15069,57598,34,1694
277,榆林市保福汽车运输有限公司,5862,13529,8,1691
278,延安市甘泉客运服务中心,13548,20201,12,1683
279,榆林市兴泰安汽车货运有限公司,25098,40283,24,1678
280,延安源享工贸有限责任公司,9571,11579,7,1654
281,子洲县安翔运输有限责任公司,3039,11570,7,1652
282,大荔远程汽车销售服务有限公司,5499,14853,9,1650
283,陕西仁通联合物流有限公司,16803,45429,28,1622
284,三原顺通运输有限公司,19304,53348,33,1616
285,延安霆鼎石油工程技术服务有限公司,3874,4847,3,1615
286,榆林腾兴运输有限公司,3043,8067,5,1613
287,陕西安顺祥供应链管理有限公司,12110,27313,17,1606
288,渭南安运达运输有限公司,4318,9530,6,1588
289,陕西阳丰鸿泰运输有限公司,73789,106332,67,1587
290,宝鸡达远危货运输有限公司,46312,93339,59,1582
291,陕西长大石油化工产品有限公司,5528,15677,10,1567
292,陕西路安通物流有限公司,4664,7824,5,1564
293,陕西元和道路运输有限公司,7167,7758,5,1551
294,西安曲江旅游汽车有限公司,2701,9284,6,1547
295,咸阳通驰实业有限公司,1845,6185,4,1546
296,咸阳运泽通运输有限公司,4706,24605,16,1537
297,陕西旬运集团运输有限公司,25994,42842,28,1530
298,延安市汽车运输集团有限责任公司原油联合运输分公司,43717,73441,48,1530
299,延安天立新能源有限公司,5770,13765,9,1529
300,靖边县盛新宇实业有限公司,13211,47395,31,1528
301,靖边县君顺运输有限公司,8911,31952,21,1521
302,渭南方舟物流有限公司,21103,61763,41,1506
303,延安永跃工贸有限公司,6816,10535,7,1505
304,延安百派运输有限公司,44957,125405,84,1492
305,咸阳华立物流有限公司,5541,14871,10,1487
306,吴起县万达运输服务队,37820,88994,60,1483
307,延川诺坤工贸有限公司,5961,10376,7,1482
308,陕西华发通物流有限公司,22968,23390,16,1461
309,富平县安腾化工有限公司,6902,21830,15,1455
310,榆林市德隆环保科技有限公司,5233,14508,10,1450
311,宝鸡秦龙运输集团宝鸡市洪达旅游客运汽车服务有限责任公司,24387,66721,46,1450
312,陕西浩锐石化运销有限公司,21994,55086,38,1449
313,安康市医疗废物处置中心,13253,21661,15,1444
314,神木市运安运输有限公司,9009,23034,16,1439
315,咸阳方为运输有限公司,22142,58850,41,1435
316,榆林市鑫丰汽车运输有限公司,39856,119647,84,1424
317,榆林市恒泰汽车运输集团有限公司靖边顺达运输公司,1295,5691,4,1422
318,密尔克卫迈达化工供应链服务有限公司,10294,22741,16,1421
319,铜川海洋顺达物流有限公司,63367,160494,113,1420
320,延安市汽车运输（集团）有限责任公司,97580,158306,112,1413
321,陕西隆顺汽车运输有限公司,233292,267753,191,1401
322,陕西亿盛泰达运输有限公司,2765,13940,10,1394
323,榆林市东兴汽车运输有限公司,185258,521586,376,1387
324,宝鸡市吉隆特种货物运输服务有限公司,169004,497392,363,1370
325,陕西贸盛运输有限公司,16677,31396,23,1365
326,合阳县腾达客货有限责任公司,9530,14905,11,1355
327,渭南市汽车运输（集团）有限责任公司,470628,827433,613,1349
328,志丹县利源运输有限责任公司,19422,53801,40,1345
329,陕西摩贝供应链管理有限公司,5957,8049,6,1341
330,榆林华润通物流有限公司,44934,97826,73,1340
331,绥德县德顺昌能源有限公司,2968,12049,9,1338
332,陕西恒运达物流有限公司,2593,6671,5,1334
333,榆林市昌进泰运输有限责任公司,7631,21336,16,1333
334,陕西平安运输集团有限公司杨凌分公司,1838,5295,4,1323
335,靖边县秦宇运输有限责任公司,10433,42187,32,1318
336,靖边县兴达综合发展有限责任公司,23265,114066,87,1311
337,靖边县鹏业运输有限公司,12938,33828,26,1301
338,榆林市文朝汽车运输有限公司,9936,23415,18,1300
339,陕西晟昊联泰新能源汽车有限公司,38394,41520,32,1297
340,陕西畅达永安物流有限公司,976,3886,3,1295
341,咸阳宝润达物流运输有限公司,5042,15363,12,1280
342,陕西金迈鑫盛运输有限公司,2880,12777,10,1277
343,神木市旅游汽车出租公司,20917,26676,21,1270
344,陕西盛瀚运输有限公司,34750,70872,56,1265
345,西安海泰物流有限公司,91032,104878,83,1263
346,靖边县远沃实业有限公司,2732,7566,6,1261
347,陕西省汉中市汽车运输总公司,316972,571372,454,1258
348,安塞盛元泽工贸有限公司,1637,2506,2,1253
349,商洛市俊逢运输有限责任公司,4088,11276,9,1252
350,榆林市恒泰汽车运输集团第十一客运公司,5223,6214,5,1242
351,西咸新区路达通运输有限公司,1723,2466,2,1233
352,靖边县达旺物流有限公司,19187,66464,54,1230
353,渭南新莫愁危险品运输有限责任公司,6258,8588,7,1226
354,榆林市长运集团定边县运通客运有限公司,38278,68520,56,1223
355,榆林联运新能源有限公司,28329,76537,63,1214
356,陕西圣力源燃气资源科技开发有限公司,17791,65228,54,1207
357,吴起县金海运输有限责任公司,75523,156698,131,1196
358,大荔县纪刚汽车贸易有限公司,3568,14338,12,1194
359,宝鸡大信物流有限公司,22485,42765,36,1187
360,咸阳华油运输有限公司,52034,130464,110,1186
361,西安尧柏环保科技工程有限公司,4435,22409,19,1179
362,西安蔚航新能源汽车科技有限公司,10689,17523,15,1168
363,渭南市平顺运业有限责任公司,8432,16352,14,1168
364,陕西省跃运港物流有限公司,14057,30249,26,1163
365,陕西鸿多能源有限公司,5504,5791,5,1158
366,渭南畅达运输有限公司,5457,13874,12,1156
367,周至县捷安达客运有限责任公司,50365,89417,78,1146
368,陕西恒运化工有限责任公司,18218,34249,30,1141
369,陕西中润国泰物流有限公司,79561,88870,78,1139
370,陕西昌捷运输有限公司,35114,108020,95,1137
371,安康市岚皋县顺康通达客运有限公司,11876,22687,20,1134
372,韩城市圣泰工贸有限责任公司,12019,18117,16,1132
373,榆林市塞上运输有限公司,16659,77038,68,1132
374,铜川市瑰虹物流有限公司,50536,144753,128,1130
375,杨凌迅达客运有限公司,16978,48287,43,1122
376,榆林市聚云运输服务有限公司,11104,16828,15,1121
377,陕西安迅优品实业有限公司,4182,10056,9,1117
378,吴起县胜利运输有限责任公司,72147,130667,117,1116
379,神木市开创物流供销有限公司,14507,39609,36,1100
380,神木市东风汽车运输有限责任公司,1830,9780,9,1086
381,榆林通宇运输有限公司,57958,168418,155,1086
382,渭南高新区永光化工有限责任公司,7031,18344,17,1079
383,陕西新磊拓物流供应链管理有限公司,13902,29025,27,1075
384,神木市锦宏运输有限公司,12484,36115,34,1062
385,延安市汽车运输（集团）有限责任公司圣友旅游分公司,2617,3155,3,1051
386,西安深宇骏达物流有限公司,6225,12595,12,1049
387,榆林东升物流供销有限公司,4142,9396,9,1044
388,志丹县鑫凯盛运输有限公司,24933,65550,63,1040
389,榆林语轩物流有限公司,5055,16610,16,1038
390,吴起鸿丰工贸运输有限公司,20289,49828,48,1038
391,陕西汇能实业有限公司,14515,46610,45,1035
392,中核陕铀汉中实业有限公司,1255,2070,2,1035
393,铜川市通泰物流发展有限公司,74535,224722,218,1030
394,汉中市蓝鹰大富鑫石油有限公司,855,2057,2,1028
395,靖边县富源运输有限责任公司,3214,8223,8,1027
396,延安崇业工贸有限公司,19955,46041,45,1023
397,安康市西康高速客运有限公司,52888,70532,69,1022
398,西安千诺汽车服务有限公司,1879,10190,10,1019
399,榆林市宝丰运输有限公司,46380,130434,128,1019
400,乾县交通运输有限责任公司,18882,46438,46,1009
401,延川华邦工贸有限公司,29581,60381,60,1006
402,咸阳医疗废物处置中心,3118,7033,7,1004
403,陕西新华创物流有限公司,11205,38103,38,1002
404,陕西长城太豪物流有限公司,20144,46037,46,1000
405,渭南瑞鸿盛达物流有限公司,12120,23917,24,996
406,安康市安运运输集团汽车运输公司平利顺捷客运有限公司,8138,20786,21,989
407,商南县豪诚物流有限责任公司,4381,25714,26,989
408,延安绿豪泽节能燃料产品销售有限公司,1041,4894,5,978
409,汉中市昌泰运输物资有限公司,4892,5836,6,972
410,地方国营周至县汽车客运公司,10569,20393,21,971
411,陕西靖边金宝石油技术服务有限公司,5327,13456,14,961
412,延安蓝能石油工程技术服务有限公司,5257,5760,6,960
413,蒲城县通达客货运输有限责任公司,11645,17978,19,946
414,商洛市乐驰运输有限公司,3727,12305,13,946
415,榆林君壮航危化运输有限公司,3841,9416,10,941
416,陕西戴宗物流有限公司,2958,15048,16,940
417,榆林市鼎鑫运输有限公司,12431,41289,44,938
418,白水县威远运业有限责任公司,18845,35378,38,931
419,宝鸡秦龙运输集团宇通运输有限责任公司,9487,26977,29,930
420,延川永延污油处理有限责任公司,3954,12075,13,928
421,宝鸡秦龙集团扶风鑫安运输有限责任公司,15013,35229,38,927
422,延安泽钰工贸有限责任公司,40598,36825,40,920
423,榆林市速通汽车运输有限公司,6821,16531,18,918
424,铜川市亚虎汽车工贸有限公司,58079,143519,158,908
425,渭南市临渭区远征运输服务有限责任公司,14601,49063,54,908
426,西安海洋旅游汽车服务有限公司,19080,22620,25,904
427,榆林耀兴运通运输有限责任公司,2245,12614,14,901
428,澄城县远登运输有限公司,14041,28816,32,900
429,榆林藤萝物流有限公司,6113,7206,8,900
430,咸阳宏图运输有限责任公司,37417,65453,73,896
431,陕西宽畅物流有限公司,8981,25059,28,894
432,西安市邑区公共交通运输有限公司,34267,54494,61,893
433,咸阳兴源汽车运输有限公司,22330,67800,77,880
434,咸阳腾辉汽车服务有限公司,5146,21974,25,878
435,西安聚仁新能源汽车运输服务有限公司,6157,13063,15,870
436,榆林汉华兰德实业有限公司,1251,5224,6,870
437,陕西安达众邦运输有限公司,733,4344,5,868
438,陕西长久现代物流有限责任公司,21671,26874,31,866
439,陕西国达新能源汽车服务有限公司,4625,17240,20,862
440,西安古韵旅游汽车服务有限公司,20129,30185,35,862
441,吴起县恒运运输有限公司,14597,41852,49,854
442,渭南前进货运有限责任公司,71981,137299,161,852
443,陕西鸿驰旅游汽车服务有限公司,11463,23785,28,849
444,韩城市客货联营服务有限责任公司,3356,4202,5,840
445,汉中石门危险废物集中处置中心,2218,4201,5,840
446,咸阳森源汽车服务有限公司,1254,7513,9,834
447,陕西西铜高速客运有限公司,4250,14917,18,828
448,咸阳和平运输有限公司,12328,30656,37,828
449,西咸新区旅游客运有限公司,23646,31414,38,826
450,渭南华龙世通物流有限公司,3072,4118,5,823
451,宝鸡市宝运旅游汽车有限责任公司,22779,67263,82,820
452,陕西鑫晟顺泰物流运输有限公司,8374,16360,20,818
453,陕西秦通汽车运输有限公司,1385,4907,6,817
454,府谷县信和物流运输有限责任公司,7355,21245,26,817
455,西安咸阳国际机场汽车运输有限责任公司,47027,107578,132,814
456,陕西恒丰周至通达客运有限责任公司,8266,14626,18,812
457,延安偌侨工贸有限公司,4754,8120,10,812
458,华阴市鑫客汽车运输有限公司,9412,11306,14,807
459,商洛康圣达道路运输有限公司,530,3220,4,805
460,延安永协工贸有限公司,1867,8043,10,804
461,靖边县顺天实业有限责任公司,9642,24901,31,803
462,陕西德远物流运输有限公司,12607,34570,43,803
463,勉县致远危货运输有限公司,1763,4822,6,803
464,陕西亚泰气体有限责任公司,1966,6378,8,797
465,陕西西安包茂高速客运有限公司,10513,14291,18,793
466,铜川市第一汽车客运集团有限责任公司,66349,130901,166,788
467,渭南国运通新能源汽车服务有限公司,1248,3930,5,786
468,宝鸡秦通运输（集团）有限责任公司,7035,12571,16,785
469,陕西田丰石化有限公司,3247,4669,6,778
470,礼泉县交通运输公司,12066,17904,23,778
471,陕西盛世腾辉客运有限公司,79306,106230,137,775
472,陕西森淼化工有限公司,1754,8487,11,771
473,延长油田股份有限公司下寺湾采油厂,956,3840,5,768
474,榆林市长运汽车运输集团靖边分公司,10875,16801,22,763
475,咸阳秦虹气体制造有限公司,18842,35769,47,761
476,陕西怀远和润运输有限责任公司,1609,6072,8,759
477,渭南市速达运输有限责任公司,50337,92342,122,756
478,陕西交运运输集团有限公司,93399,196449,261,752
479,西安福安天然气运输有限公司,9439,15757,21,750
480,宝鸡市宝运汽车运输（集团）有限公司,122397,232647,310,750
481,宝鸡市永联特种货物运输有限公司,215309,316347,422,749
482,西安汉邦跃进危险品运输有限责任公司,13659,49399,66,748
483,宝鸡秦龙旅游汽车有限公司,8654,25383,34,746
484,陕西隆安危险品运输有限公司,8362,17152,23,745
485,宝鸡秦通运输集团太白县泰达运输有限责任公司,11406,27552,37,744
486,陕西国储平安货运有限责任公司,13639,20826,28,743
487,西安平得源工贸有限公司,1016,2972,4,743
488,渭南骏安运输有限公司,11424,25968,35,741
489,陕西秦运旅游汽车服务有限公司,12169,39059,53,736
490,淳化宏安燃气运输有限公司,4418,10307,14,736
491,武功县佳颖气体有限责任公司,5149,11026,15,735
492,宝鸡红旗运营有限公司,18385,30034,41,732
493,安康市金州运输集团世纪汽车客运有限公司,44353,84260,115,732
494,陕西骞腾汽车运输服务有限公司,21295,31268,43,727
495,靖边县创庆实业有限公司,9783,28157,39,721
496,咸阳浩博危险货物运输有限公司,3008,10814,15,720
497,渭南新鸿蒙物流有限公司,2611,6450,9,716
498,西安市汽车客运总公司,5185,17101,24,712
499,靖边县海兴实业有限公司,9988,19918,28,711
500,陕西平安运输集团有限公司,84924,132804,188,706
501,陕西延长中立石化运输有限责任公司,9114,16237,23,705
502,中国石油运输有限公司陕西分公司,249463,284373,403,705
503,汉中诚邦汽车服务有限公司,5077,7033,10,703
504,陕西秦榆石油物资工贸有限公司,7126,15443,22,701
505,志丹县润东运输公司,11130,30806,44,700
506,榆林市宝丰工贸有限公司,21931,71271,102,698
507,神木市瑞航顺物流有限责任公司,3492,12552,18,697
508,商洛通九州运输有限公司,2694,3470,5,694
509,陕西宏华客运有限责任公司,6289,25514,37,689
510,榆林市恒泰汽车运输集团枫尚旅游客运有限公司,1006,4093,6,682
511,榆林市荣通汽车运输有限公司,10318,23827,35,680
512,陕西明之旅汽车服务有限公司,26250,44127,65,678
513,榆林市恒泰汽车运输集团第十五客运公司,2246,4750,7,678
514,空气化工产品（陕西）有限公司,7536,9454,14,675
515,西安讯安危险品运输有限公司,4100,12767,19,671
516,陕西翔宇通工贸有限公司,5603,13999,21,666
517,定边县海慧石油技术服务有限公司,12443,36603,55,665
518,陕西亨途物流有限公司,4836,7975,12,664
519,西安恒润汽车服务有限公司,3501,4651,7,664
520,志丹县进龙汽配修理有限责任公司,34637,93018,140,664
521,志丹县保安联营运输公司,33205,106318,160,664
522,蓝田县蓝通运输有限责任公司,24871,56370,85,663
523,大荔县广宏汽车运输有限公司,8445,24555,37,663
524,甘泉鑫远运输有限公司,118,658,1,658
525,陕西省润耀实业有限公司,905,3244,5,648
526,靖边县隆盛实业有限公司,510,3228,5,645
527,陕西新颖旅游客运有限公司,9078,20654,32,645
528,宝鸡市双峰气体有限公司,3093,5812,9,645
529,陕西睿诚奥物流服务有限公司,2091,3206,5,641
530,洋县朱q旅游汽车有限责任公司,836,2558,4,639
531,陕西安泰环保科技有限公司,345,635,1,635
532,韩城市盛达鑫汽车运输有限责任公司,11648,18376,29,633
533,延安圣宝工贸有限公司,1364,2510,4,627
534,延川县骞景新能源有限公司,16124,28738,46,624
535,陕西靖边星源瑞德物流有限公司,9131,28584,46,621
536,岐山县天惠工贸有限责任公司,5203,9288,15,619
537,澄城县秦东汽车运输队,6756,9235,15,615
538,陕西翎萧实业有限公司,1646,4230,7,604
539,渭南市天成化工运销有限责任公司,14055,27187,45,604
540,陕西通汇天然气配送有限公司,2166,7239,12,603
541,汉中全顺货运物流有限公司,893,3004,5,600
542,汉中六一二物资有限公司,1444,2336,4,584
543,陕西恒丰客运有限公司,12689,42494,73,582
544,榆林市富强货运有限责任公司,56402,150176,258,582
545,西安海鑫达危险品运输有限公司,16856,33173,57,581
546,延安鹿鼎工贸有限公司,5788,8711,15,580
547,延安首创气体科技有限公司,3852,4634,8,579
548,陕西通鸿源旅游汽车有限公司,5653,19049,33,577
549,陕西路平通运输服务有限公司,1135,2886,5,577
550,陕西长安通物流有限公司,5748,13093,23,569
551,榆林庆岩华远运输有限公司,5461,15872,28,566
552,西安优博汽车服务有限公司,2134,6210,11,564
553,榆林市榆能物流有限公司,1948,3389,6,564
554,西安阳光假期汽车服务有限责任公司,1969,2817,5,563
555,陕西友谊汽车有限责任公司,47530,115092,205,561
556,榆林华源通汽车运输有限公司,1546,3371,6,561
557,宝鸡秦通高速客运有限责任公司,13210,14529,26,558
558,陕西恒丰铜川客运有限公司,3395,10424,19,548
559,榆林市恒泰汽车运输集团有限公司靖边第十客运公司,851,2193,4,548
560,陕西置天实业有限公司,4790,7669,14,547
561,西安沣北汽车运输有限公司,8066,8166,15,544
562,周至悦腾客运有限公司,2888,7031,13,540
563,陕西翔瑞运输有限公司,8355,10736,20,536
564,陕西泰鑫汽车服务有限公司,7580,15555,29,536
565,宝鸡金航旅游汽车运输有限公司,7459,14959,28,534
566,西安大唐运输集团顺达危险品运输有限责任公司,4101,13837,26,532
567,西安山水汽车服务有限公司,2248,2657,5,531
568,宝鸡宝蔡广乐旅游运输有限公司,6820,16966,32,530
569,延安市宝塔区振江汽车运输有限公司,1271,2627,5,525
570,安塞龙胜工贸有限责任公司,4276,7313,14,522
571,榆林市拉达运输有限公司,7081,20126,39,516
572,汉中达顺祥运输有限责任公司,652,1023,2,511
573,定边县威力运输有限责任公司,2759,7633,15,508
574,陕西龙安佳泰物流有限公司,2149,2525,5,505
575,陕西好运客运服务有限公司,2086,5042,10,504
576,陕西龙华捷运物流有限公司,2477,5539,11,503
577,韩城市玖安运输贸易有限责任公司,2825,3520,7,502
578,西安市亿车嘉汽车服务有限公司,1252,4018,8,502
579,陕西永兴环能科技股份公司,8047,14505,29,500
580,陕西西宝高速客运有限公司,8581,12474,25,498
581,西安海众实业有限公司,2677,7951,16,496
582,延安恒荣工贸有限公司,2073,2933,6,488
583,安塞智鹏汽车运输有限公司,14454,36753,76,483
584,陕西鸿途运兴物流有限公司,16708,27318,57,479
585,理福九仓（陕西）储运有限公司,7045,10458,22,475
586,澳隆供应链（陕西）有限公司,262,946,2,473
587,陕西西商高速客运有限公司,5402,15572,33,471
588,米脂县福隆运输有限公司,1727,6135,13,471
589,宝鸡秦通运输集团麟游县运输公司,6649,13538,29,466
590,汉中军明旅游运输有限公司,9825,15663,34,460
591,延安吉泰运输有限公司,5291,9674,21,460
592,安康市安运集团宁陕万达客运有限公司,4122,4528,10,452
593,西安西康高速客运有限公司,6109,14426,32,450
594,甘泉锦航物流有限公司,23844,35882,80,448
595,靖边县瑞顺商贸有限公司,2751,10663,24,444
596,榆林市元兴和运输有限公司,1684,8870,20,443
597,延安坤远工贸有限公司,2722,3988,9,443
598,汉中十天高速客运有限公司,15521,21235,48,442
599,陕西驰达长运物流有限公司,2067,4402,10,440
600,陕西宝钢气体有限公司,3706,5284,12,440
601,咸阳福兴高速客运有限公司,18452,29288,67,437
602,榆林市榆神工业区亿融运输有限公司,2377,6482,15,432
603,兴平市海纳低温产品有限公司,3577,6482,15,432
604,陕西秦汉君运输有限公司,10593,19865,46,431
605,靖边县中强恒兴环保科技有限公司,3650,11929,28,426
606,白水四圣故里旅游客运有限公司,2566,3831,9,425
607,岚皋县安运公共交通客运有限公司,3898,8866,21,422
608,志丹县进龙汽配修理有限责任公司吴起分公司,2611,9270,22,421
609,榆林建勋卓越再生资源回收有限公司,1625,2936,7,419
610,靖边县昱星运输有限公司,8604,16257,39,416
611,延安延运圣友运输有限公司,1652,4162,10,416
612,陕西宇涛汽车服务有限公司渭南分公司,12229,32026,77,415
613,宝鸡宝钛运输实业有限公司,3546,6230,15,415
614,陕西黄河壶口文化旅游发展有限责任公司,14726,19753,48,411
615,陕西中航途安石油配送运输有限公司,1903,2053,5,410
616,神木市昊通交通运输有限责任公司,2573,4921,12,410
617,陕西新出行客运有限公司,1907,2039,5,407
618,陕西顺安达汽车服务有限公司,724,3212,8,401
619,西安天祥危险品运输有限公司,32792,68723,172,399
620,西咸新区邮讯物流有限公司,1874,3581,9,397
621,宝鸡市晶玖宇环境科技有限公司,2546,3183,8,397
622,兴平市鸿顺运输有限公司,3675,11049,28,394
623,延安市久通工贸有限公司,3909,1962,5,392
624,延安市圣地民用爆破器材专营有限公司,4110,10095,26,388
625,靖边县轩旭商贸有限公司,347,1934,5,386
626,汉中春辉实业有限公司,1428,3088,8,386
627,西安肱力物流有限公司,1477,2280,6,380
628,汉中市润发工贸运输有限公司,34164,55543,146,380
629,陕西军辉汽车服务有限公司,8683,4934,13,379
630,陕西万象恒通运输服务有限公司,11039,14397,38,378
631,铜川创洲汽车服务有限公司,6796,10205,27,377
632,延安延源工贸有限责任公司,18219,45136,121,373
633,咸阳辉煌威腾商贸有限公司,1464,2976,8,372
634,陕西百荣旅游汽车服务有限公司,3284,4067,11,369
635,志丹县新辅顺工贸有限公司,1497,3265,9,362
636,延安红旅客运旅游汽车有限责任公司,4976,10520,29,362
637,陕西城际运输有限公司,18061,27936,78,358
638,陕西圣和源实业有限公司,1129,2848,8,356
639,延安通容石化有限公司,870,1060,3,353
640,渭南黾畅盛汽车服务有限公司,561,700,2,350
641,咸阳金凯汽车客运有限公司,1681,7367,21,350
642,西安西旅集团旅游汽车有限公司,84999,107216,307,349
643,铜川市民用爆破器材专营有限责任公司,4136,8013,23,348
644,陕西达润旺物流有限公司,1607,4868,14,347
645,渭南德立成运输服务有限责任公司,873,1385,4,346
646,长武县汽车客运有限责任公司,2698,5517,16,344
647,定边县皓腾油气工程有限公司,1532,5164,15,344
648,安塞交通综合服务有限公司,8890,25055,73,343
649,咸阳诚兰物流有限公司,1294,2407,7,343
650,陕西华徽危险品运输有限公司,4278,4433,13,341
651,榆林市欧胜达商贸有限公司,1926,4740,14,338
652,延安市公共交通有限责任公司,5707,16865,50,337
653,商洛恒丰汽车运输有限责任公司,5842,14853,44,337
654,宝鸡市宝运特种货物运输有限公司,2600,2695,8,336
655,扶风隆兴运输有限公司,1536,2340,7,334
656,延安市汽车运输（集团）有限责任公司高速客运分公司,3209,3668,11,333
657,定边县东港污油泥土处理有限责任公司运输分公司,2389,5676,17,333
658,陕西平安红星汽车旅游服务有限公司,20825,37707,114,330
659,延川县旅游运输服务有限责任公司,1491,1984,6,330
660,延安天驰汽车运输有限责任公司,1908,6270,19,330
661,神木市鸿运汽车运输有限责任公司,2527,3565,11,324
662,西安宏福危险货物运输有限公司,12368,19621,61,321
663,陕西翔通富瑞汽车运输有限公司,11499,14366,45,319
664,靖边县长隆油气工程技术有限公司,1471,2543,8,317
665,绥德县荣发运输有限公司,3138,10141,32,316
666,铜川通诚物流有限公司,17520,56204,178,315
667,神木市航瑞运输有限公司,516,1875,6,312
668,陕西昆仑海石油销售有限公司,3836,6237,20,311
669,西安光明石化运输有限公司,10131,19220,62,310
670,榆林众力泰物流运输有限公司,8901,10530,34,309
671,陕西宏安旅游客运有限公司,3514,10178,33,308
672,宝鸡万里公共交通有限公司,3072,3074,10,307
673,陕西宇诺旅游汽车有限责任公司,5115,11023,36,306
674,陕西万腾利鑫运输发展有限公司,6342,9744,32,304
675,安康隆基祥汽车运输有限公司,4020,5769,19,303
676,陕西大秦之旅汽车服务有限公司,5099,6046,20,302
677,西安市哄鄙态区陇海液化气有限公司,3763,19385,64,302
678,宝运集团宝鸡新路旅游汽车有限责任公司,1995,2120,7,302
679,咸阳彩虹物流运输有限公司,1079,2723,9,302
680,陕西乐趣旅游汽车有限公司,2314,6626,22,301
681,勉县安顺爆破工程有限公司,2287,4481,15,298
682,陕西秦旅汽车服务有限公司,5074,11911,40,297
683,陕西华龙运输有限责任公司,6924,8329,28,297
684,志丹县富华汽车运输有限责任公司,1208,6820,23,296
685,商洛盛泰运输有限责任公司,280,1186,4,296
686,靖边县宝顺运输有限公司,3731,10350,35,295
687,陕西熙和旅游汽车有限责任公司,862,3507,12,292
688,陕西光大外事旅游车务有限公司,6021,16876,59,286
689,延安海东工贸有限公司,22414,19636,69,284
690,韩城汽车运输有限责任公司,2779,4255,15,283
691,泾阳盛通危货运输有限公司,1938,2834,10,283
692,商洛市煊佳达运输有限公司,784,1696,6,282
693,延长油田股份有限公司子长采油厂,116,554,2,277
694,商洛市远航运输有限公司,2922,9887,36,274
695,商洛市汽车运输总公司,34577,94885,346,274
696,陕西嘉秦旅游汽车有限公司,3475,5724,21,272
697,蓝田县虹桥危险品运输有限公司,654,2175,8,271
698,陕西通诺达物流有限公司,1085,1321,5,264
699,宝鸡市秦龙运输（集团）有限公司,10851,9349,36,259
700,靖边县嘉银实业有限公司,464,1283,5,256
701,神木亿路通运输有限公司,777,4603,18,255
702,延安市宝塔区慕程工贸有限公司,1049,1532,6,255
703,西安秦宝危险品运输有限公司,14452,33308,131,254
704,宝鸡宏顺运输有限公司,1033,2271,9,252
705,黄陵黄帝文化园区旅游汽车服务有限公司,143,250,1,250
706,西安旅商旅游汽车有限责任公司,1651,3480,14,248
707,延安今盛汽车运输有限公司安塞分公司,2342,4224,17,248
708,延安市汽车运输（集团）有限责任公司客运三公司,4403,6941,28,247
709,汉中西汉高速客运有限公司,6117,7388,30,246
710,咸阳海红物流有限公司,4850,9361,38,246
711,空气产品（西安）气体有限公司,972,1228,5,245
712,安塞延源物业服务有限责任公司,701,1718,7,245
713,子长市伟业工贸有限公司,2504,4171,17,245
714,渭南君易达物流运输有限公司,9724,30760,126,244
715,陕西易通天然气配送有限公司,1202,1215,5,243
716,陕西长安旅游汽车服务有限公司,20676,52013,218,238
717,陕西诳推车运输有限责任公司,14390,19584,82,238
718,榆林润达客运服务有限责任公司,2352,2388,10,238
719,安康市安运集团石泉高速客运有限公司,2740,3069,13,236
720,陕西中超旅游汽车有限公司,5516,10328,44,234
721,陕西亿汇缘通旅游汽车有限公司,305,700,3,233
722,安康市万通危险货物运输有限公司,3798,4424,19,232
723,西安康仟汽车服务有限公司,2067,2292,10,229
724,洋县客运公司,699,1135,5,227
725,榆林市泰达汽车运输有限公司,660,1590,7,227
726,陕西海外旅游汽车有限公司,16951,28150,125,225
727,潼关县保安服务有限责任公司,404,1123,5,224
728,陕西渭南庆山危险货物运输有限公司,2462,3129,14,223
729,陕西兴新汽车运输服务有限公司,5917,7108,32,222
730,西安泰达低温设备有限责任公司,1468,1749,8,218
731,渭南龙森运业服务有限责任公司,3986,10477,48,218
732,陕西大健实业集团有限公司汽车运输分公司,1587,1955,9,217
733,安康市安运运输集团汽车运输有限公司,11977,13898,64,217
734,陕西秦达旅游有限公司,6581,8762,41,213
735,陕西金晨平达运输有限责任公司,3949,11248,53,212
736,西安吉道运输有限公司,23220,36548,172,212
737,华阴市富佳汽车服务有限公司,194,421,2,210
738,陕西新源海物流有限公司,4508,6405,31,206
739,陕西世纪明德客运服务有限公司,6728,7822,38,205
740,留坝文旅紫柏客运有限公司,1039,2055,10,205
741,陕西屹立通物流有限公司,8757,15438,76,203
742,志丹县意生石油技术服务有限责任公司,148,597,3,199
743,延安吉森工贸有限公司,17963,2198,11,199
744,西安华顺达运输有限责任公司,2319,2384,12,198
745,彬县沐洋洋旅游客运服务有限公司,555,2941,15,196
746,榆林市长运汽车运输集团有限公司,142,779,4,194
747,西安睿烨新能源科技有限公司,548,966,5,193
748,榆林市大铭运输服务有限责任公司,1151,1545,8,193
749,陕西五环客运有限公司,8531,11080,58,191
750,子长县昌顺工贸有限公司,432,959,5,191
751,陕西省迎宾汽车有限公司,4466,11932,63,189
752,陕西同程天下物流有限公司,1277,1328,7,189
753,陕西邦达捷顺运输有限责任公司,808,1130,6,188
754,西安近代军民物流有限公司,3402,9663,52,185
755,咸阳丰原汽车运输有限公司,5833,9094,49,185
756,西安市瑞旅旅游汽车有限公司,3327,9616,52,184
757,陕西久天翊运输服务有限公司,466,1457,8,182
758,神木市车顺运输有限公司,795,4203,23,182
759,洛南洛铜商贸物流有限公司,1082,2544,14,181
760,陕西海跃物流运输有限公司,10908,14743,85,173
761,渭南宇辰联运物流有限责任公司,3419,5480,32,171
762,咸阳秦源民爆专营有限责任公司,678,1713,10,171
763,陕西中润运输有限公司,3019,10844,64,169
764,靖边县久江运输有限公司,1098,3019,18,167
765,陕西绿色能源三环环保有限责任公司,213,831,5,166
766,陕西刚达顺运输有限公司,1081,3328,20,166
767,山阳县宏图旅游开发有限公司,393,1828,11,166
768,石泉县美之程旅游汽车有限公司,639,1322,8,165
769,陕西永安运业有限责任公司,15667,37597,230,163
770,陕西恒丰中青旅游汽车有限公司,147,639,4,159
771,商洛市秦锌运输有限责任公司,328,1588,10,158
772,延安安达运输有限公司,290,786,5,157
773,安康市安运集团石泉客运有限公司,1541,1838,12,153
774,商洛市汽车运输总公司洛南隆发公司,2410,4606,30,153
775,陕西恒丰汽车运输集团有限公司,9832,13437,89,150
776,陕西祥龙汇通汽车运输有限公司,3178,12062,81,148
777,西安大唐运输集团双龙危险品汽车运输有限公司,6445,8878,60,147
778,延安市方圆旅游汽车有限责任公司,5844,11591,79,146
779,安康市翔远危险货物运输有限公司,5088,5552,38,146
780,西安市西蓝天然气股份有限公司,436,868,6,144
781,乾县安捷旅游客运服务有限公司,830,2774,20,138
782,汉阴县顺通危险品货物运输有限责任公司,3972,4658,34,137
783,西安天盛气体有限公司,1032,1361,10,136
784,陕西易路沣行新能源汽车租赁有限公司,962,1064,8,133
785,神木市永安运输有限公司,428,2653,20,132
786,榆林市长运汽车运输集团佳县分公司,1536,3045,23,132
787,陕西国力危险品运输有限公司,1808,1837,14,131
788,延安瑞豪科工贸有限公司,904,1583,12,131
789,延安龙腾跃进工贸有限公司,1283,1660,13,127
790,陕西泽途汽车服务有限公司,883,1269,10,126
791,陕西城市燃气产业发展有限公司,2733,2793,22,126
792,西安鸿安运输有限责任公司,687,753,6,125
793,西安金顺危险品运输有限责任公司,1677,3649,29,125
794,陕西汇昌恒沣物流有限公司,49,249,2,124
795,榆林长运汽车运输集团旅游服务有限公司,2245,2618,21,124
796,陕西好运旅游汽车有限公司,1000,1221,10,122
797,榆林鑫通能源科技有限公司,1495,3423,28,122
798,榆林聚通汇运输服务有限公司,105,473,4,118
799,靖边县鹏华实业有限公司,749,2093,18,116
800,陕西华山风景名胜区客运管理有限公司,1284,3151,27,116
801,米脂县恒盛运输有限公司,239,816,7,116
802,榆林金万利汽车运输有限公司,726,1278,11,116
803,陕西顺通旅游汽车有限公司,9382,12813,111,115
804,中国石油运输有限公司长庆运输分公司,21189,28402,252,112
805,延安远智工贸有限公司,1172,558,5,111
806,陕西秦木运输有限公司,963,1492,14,106
807,西安鼎源能源科技有限公司,1253,1383,13,106
808,榆林市恒泰集团邑通高速客运有限公司,34,210,2,105
809,榆林兴骏通汽车运输有限公司,337,517,5,103
810,子洲县鸿运运销有限责任公司,604,1960,19,103
811,陕西安运汽车有限责任公司,3022,6342,62,102
812,榆林市邦大运输有限公司,606,1853,18,102
813,咸阳秦塬汽车租运有限责任公司,158,411,4,102
814,西安秦之风旅游汽车有限公司,2888,7070,70,101
815,陕西公信物流有限公司,1463,1687,17,99
816,汉中黎坪景区旅游客运有限公司,492,1054,11,95
817,陕西牛背梁生态开发有限责任公司,178,1040,11,94
818,宝鸡秦通集团凤县运输公司,448,906,10,90
819,安康市安运运输集团十天高速客运有限公司,432,450,5,90
820,陕西壮壮物流有限公司,205,359,4,89
821,陕西逸仰运输有限公司,577,2636,30,87
822,汉阴县易通汽车运输有限公司,1701,2287,26,87
823,陕西晟境环境科技有限公司,400,424,5,84
824,兴平市第一汽车运输有限公司,599,649,8,81
825,靖边县青阳岔联运有限公司,261,808,10,80
826,陕西铁信物流运输有限公司,390,723,9,80
827,宝鸡市华宇乐达旅游有限责任公司,306,484,6,80
828,陕西运得利运输有限公司,140,396,5,79
829,宝鸡东宇航特种货物运输有限公司,1713,2225,28,79
830,陕西英泰能源投资有限公司,221,382,5,76
831,澄城县弘达运输有限责任公司,163,299,4,74
832,榆林市丰顺物流运输有限公司,529,667,9,74
833,陕西海钰能源有限公司,448,439,6,73
834,杨凌凯达汽车服务有限公司,269,571,8,71
835,西安西汉高速客运有限公司,771,842,12,70
836,白河县红化危险品运输有限责任公司,488,1062,15,70
837,陕西恒丰神州旅游商务汽车有限公司,2348,3772,55,68
838,西安绿迪汽车服务有限公司,275,689,10,68
839,陕西康本实业有限公司,981,2173,32,67
840,陕西延长石油丰源有限责任公司,169,398,6,66
841,淳化明吉客运有限公司,712,997,15,66
842,榆林市恒泰汽车运输集团第十四客运公司,63,195,3,65
843,延安旅游汽车服务有限公司,1265,1903,29,65
844,西安益鹏危险品运输有限公司,285,835,13,64
845,凤县凤凰旅游客运有限责任公司,51,322,5,64
846,陕西海旺顺达物流有限公司,233,369,6,61
847,商南县金丝峡景源汽车旅游服务有限责任公司,30,122,2,61
848,汉阴县安达汽车运输有限责任公司,976,1519,25,60
849,大荔县振东汽车贸易有限公司,653,1702,28,60
850,陕西秦都旅游服务有限公司,169,404,7,57
851,西安新和平信物流有限公司,912,1030,18,57
852,渭南博远鸿业物流有限公司,176,289,5,57
853,榆林中顺通运输有限责任公司,244,690,12,57
854,西安启航运输有限责任公司,1004,1172,22,53
855,商洛市民用爆炸物品运输有限责任公司,1102,2864,54,53
856,西安永昕汽车服务有限公司,321,407,8,50
857,合阳县城乡公交有限责任公司,211,447,9,49
858,陕西速达汽车服务有限公司,577,1355,28,48
859,西安市阎良区公路运输公司,1178,1934,41,47
860,铜川市天然气有限公司,49,139,3,46
861,铜川市印台区运成货运有限责任公司,1575,1803,39,46
862,延川安顺爆破有限责任公司,639,750,16,46
863,陕西鸿运通和物流有限公司,61,224,5,44
864,陕西绿林通物流有限公司,114,173,4,43
865,旬阳县恒通危险品货物运输有限责任公司,922,1102,26,42
866,西安市临潼区汽车运输公司,1518,3139,76,41
867,陕西牧泽阳旅游汽车有限公司,274,487,12,40
868,陕西富洲汽车服务有限公司,201,229,6,38
869,韩城市保安服务有限公司,261,373,10,37
870,商洛市海瑞宝运输有限公司,12,36,1,36
871,陕西省定边县泰安实业有限责任公司,79,241,7,34
872,陕西琴臻达物流有限公司,78,228,7,32
873,陕西信元物业管理有限公司宝鸡分公司,50,318,10,31
874,陕西阳光汽车服务有限公司,107,114,4,28
875,西安陕兴物流有限公司,250,280,10,28
876,泾阳县宏安客运有限公司,432,2366,83,28
877,靖边县长源油井技术服务有限公司,215,347,13,26
878,子洲县鑫顺通运输有限公司,376,434,18,24
879,陕西伟远旅游汽车有限公司,263,590,25,23
880,西安长远石化有限公司,76,210,9,23
881,府谷县蓝星化工有限公司,60,116,5,23
882,靖边县宝宏运输有限公司,340,556,25,22
883,陕西鑫运吉祥实业有限公司,134,134,6,22
884,陕西邦达天原国际物流有限公司,17,113,5,22
885,西安市阎良大地客运有限公司,131,387,17,22
886,商洛平安旅游汽车有限责任公司,296,391,18,21
887,定边县鸿泽工贸有限责任公司,2547,142,7,20
888,商洛市健隆保洁有限公司,39,61,3,20
889,榆林塞鑫航运输有限公司,134,380,20,19
890,陕西延长石油丰源油气联运有限公司,49,89,5,17
891,西安四超客运有限责任公司,140,212,12,17
892,兴平市燃气有限责任公司,114,346,20,17
893,陕西延长石油（集团）有限责任公司延安炼油厂,29,101,6,16
894,西安鑫宇冠物流有限公司,201,282,17,16
895,宝鸡秦通集团岐山县第一汽车运输有限责任公司,81,81,5,16
896,陕西恒丰泾原汽车运输有限公司,70,177,12,14
897,靖边县顺威实业有限公司,18,68,5,13
898,陕西秦泰昌运输有限公司,14,74,6,12
899,西安市长安区秦顺星文化旅游发展有限责任公司,92,624,50,12
900,甘泉县旅游开发集团有限公司,138,209,19,11
901,陕西恒丰通远汽车运输有限公司,218,741,74,10
902,陕西安然能源科技有限公司,46,46,5,9
903,榆林市华宇爆破有限责任公司,38,96,10,9
904,陕西太白山旅游交通运输有限公司,1070,1070,127,8
905,安康市恒星危险品运输有限公司,37,68,8,8
906,西安惠振实业有限公司,20,38,5,7
907,陕西木王森林公园有限责任公司,38,102,15,6
908,榆林通航运输有限公司,13,91,14,6
909,陕西双锐锋汽车服务有限公司,47,49,9,5
910,蓝田县天顺环保科技有限公司,10,29,5,5
911,陕西浩宇享通物流供应链管理有限公司,10,20,5,4
912,西安通盛运输服务有限公司,13,13,3,4
913,陕西金源石油有限责任公司,1,3,1,3
914,西安蜗牛旅行汽车服务有限公司,221,32,16,2
915,西安方洋汽车服务有限公司,9,15,7,2
916,渭南市鑫悦平汽车服务有限公司.,7,17,7,2
917,延安崇淮运输有限公司,15,21,10,2
918,陕西浩同物流有限公司,2,6,6,1
919,陕西三合源物流有限公司,4,8,5,1
920,横山县龙飞苑工贸有限责任公司,4,12,7,1
921,黄陵县腰坪乡客运有限公司,0,0,1,0
922,韩城市郊游客运有限责任公司,0,0,1,0
923,陕西递吉特物流有限公司,0,0,2,0
924,陕西运泰鸿科工贸有限公司,0,0,5,0
925,陕西西宇无损检测有限公司,0,0,1,0
926,陕西西咸新区公共交通集团有限公司,0,0,30,0
927,陕西省富平县联运有限责任公司,0,0,35,0
928,陕西源祥华业运输有限公司,0,0,6,0
929,陕西榆林亿科矿岩工程有限公司,0,0,13,0
930,陕西应用物理化学研究所,0,0,6,0
931,陕西宾茂物流有限公司,0,0,5,0
932,陕西增源物流有限公司,0,0,6,0
933,陕西嘉诚物流有限公司,0,0,5,0
934,陕西中天火箭技术股份有限公司,0,0,6,0
935,陕西中兵物资有限公司  普货业户许可证号：610100121839,0,0,10,0
936,长安区客运公司,0,0,22,0
937,镇安县久安运输有限责任公司,0,0,52,0
938,西安近代化学研究所,0,0,6,0
939,西安航天动力试验技术研究所,0,0,4,0
940,西安现代控制技术研究所,0,0,6,0
941,西安欣源客运服务有限责任公司,0,0,2,0
942,西安机电信息技术研究所,0,0,4,0
943,西安方元能源工程有限责任公司,73,0,7,0
944,西安庆华运输有限责任公司,0,0,25,0
945,西安市灞柳客运有限公司,0,0,30,0
946,西安华旅旅游汽车服务有限责任公司,0,0,1,0
947,西安北方秦川集团有限公司,0,0,2,0
948,西安北方惠安化学工业有限公司,0,0,15,0
949,西安北方庆华机电有限公司,0,0,5,0
950,西安北方华山机电有限公司,0,0,15,0
951,西安兵工物流有限公司,0,0,12,0
952,西北工业集团有限公司,0,0,17,0
953,蒲城县通达客货运输有限责任公司平安客运公司,0,0,1,0
954,蒲城县西路客运有限公司,0,0,1,0
955,航天动力技术研究院,0,0,10,0
956,紫阳县顺捷客运有限公司,0,0,1,0
957,神木市天运运输有限责任公司,0,0,33,0
958,神木县旅游汽车出租公司,0,0,1,0
959,礼泉县宏伟汽车客运有限责任公司,0,0,1,0
960,眉县龙越太白山旅游客运有限公司,0,0,4,0
961,潼关县通达汽车客运有限责任公司,0,0,3,0
962,渭南速安恒德物流运输有限公司,2,0,5,0
963,渭南市华州区少华山景区客运有限责任公司,0,0,15,0
964,洛南县柏槐运输有限责任公司,0,0,1,0
965,泾阳县公共交通客运有限公司,0,0,1,0
966,榆林市阳光汽车运输有限责任公司,0,0,10,0
967,榆林市长运汽车运输集团有限公司佳县分公司,0,0,1,0
968,榆林市恒泰集团危险货物运输有限公司,0,0,7,0
969,榆林市恒泰汽车运输集团第十客运公司,0,0,1,0
970,榆林市恒泰汽车运输集团神木锦隆通勤服务有限公司,0,0,2,0
971,榆林市恒泰汽车运输集团有限公司山丹丹旅游客运分公司,0,0,17,0
972,柞水县秦楚锦濠运输有限公司,0,0,9,0
973,旬阳县祥瑞农村客货运输有限公司,0,0,13,0
974,志丹县盛通物流有限责任公司,0,0,2,0
975,彬州浩月湖旅游服务有限公司,1,3,4,0
976,延长油田股份有限公司七里村采油厂,0,0,3,0
977,延安锦中凯实业有限公司,0,0,5,0
978,延安运路顺工贸有限公司,125,0,17,0
979,延安科迪环保科技有限公司,0,0,2,0
980,延安市鸿昌物流有限公司,0,0,3,0
981,延安市伟铭工贸有限公司,0,0,6,0
982,延安市伟伟石化有限公司,0,0,3,0
983,延安国清工贸有限公司,0,0,2,0
984,延安三方科技有限公司,0,0,1,0
985,富平县交通运输有限责任公司,0,0,1,0
986,宝鸡市鸿盛旅游运输有限公司,0,0,1,0
987,安康市安运运输集团汉滨客运有限公司,0,0,1,0
988,子长县锦源汽车服务有限公司,0,0,5,0
989,大荔县鑫盛世汽贸有限公司,0,0,1,0
990,大荔县荔北客运有限公司,0,0,6,0
991,城固县城飞汽车旅游有限责任公司,0,0,1,0
992,商洛市汽车运输总公司丹凤志强公司,0,0,1,0
993,商洛市恒通汽车运输有限责任公司,0,0,4,0
994,商州区汽车运输公司,0,0,3,0
995,咸阳海达汽车运输服务有限公司,0,0,10,0
996,咸阳得成公交客运有限公司,0,0,15,0
997,华阴市永泰公交客运公司,0,0,2,0
998,华阴市华山旅游汽车客运有限公司,0,0,54,0
999,亚能石化股份有限公司,2,0,9,0
1000,中国兵器工业试验测试研究院,0,0,5,0
1001,三原丰原公共交通汽车有限公司,0,0,9,0
